epoch,time,train/box_loss,train/cls_loss,train/l1_loss,metrics/precision(B),metrics/recall(B),metrics/mAP50(B),metrics/mAP50-95(B),val/box_loss,val/cls_loss,val/l1_loss,lr/pg0,lr/pg1,lr/pg2
1,38.0527,0.56256,5.42231,0.0149,1,0.9997,0.995,0.93017,0.38385,3.25173,0.01262,0.00066129,0.00066129,0.00066129
2,58.2684,0.41285,2.72444,0.01077,0.99823,0.99964,0.995,0.87503,0.70194,1.63322,0.02336,0.00128413,0.00128413,0.00128413
3,79.4085,0.38261,1.31109,0.00991,1,0.99984,0.995,0.9496,0.32438,0.6896,0.01015,0.00186298,0.00186298,0.00186298
4,99.4131,0.38018,0.66789,0.00985,0.99986,1,0.995,0.89947,0.53737,0.4597,0.01709,0.001802,0.001802,0.001802
5,119.987,0.35851,0.39132,0.0093,1,0.99989,0.995,0.87206,0.52828,0.32296,0.01758,0.001736,0.001736,0.001736
6,140.297,0.34656,0.27381,0.00895,0.99989,1,0.995,0.91922,0.44051,0.25624,0.01385,0.00167,0.00167,0.00167
7,160.922,0.29129,0.21366,0.00747,0.99992,1,0.995,0.92732,0.34806,0.18506,0.01043,0.001604,0.001604,0.001604
8,181.649,0.23927,0.16585,0.00612,0.99988,1,0.995,0.97596,0.25554,0.15893,0.00792,0.001538,0.001538,0.001538
9,201.807,0.22447,0.1368,0.00576,0.99989,1,0.995,0.96636,0.28286,0.13251,0.00891,0.001472,0.001472,0.001472
10,222.635,0.21112,0.12375,0.00541,0.9999,1,0.995,0.96173,0.3446,0.13375,0.01193,0.001406,0.001406,0.001406
11,242.766,0.21843,0.10893,0.00556,0.9999,1,0.995,0.97907,0.25,0.11081,0.00766,0.00134,0.00134,0.00134
12,263.423,0.23479,0.1044,0.00599,0.9999,1,0.995,0.97787,0.26397,0.10823,0.00823,0.001274,0.001274,0.001274
13,283.893,0.21089,0.09531,0.00538,0.9999,1,0.995,0.96338,0.3115,0.1273,0.00959,0.001208,0.001208,0.001208
14,303.985,0.17579,0.08455,0.00447,0.9999,1,0.995,0.98291,0.22027,0.10673,0.00675,0.001142,0.001142,0.001142
15,325.009,0.16727,0.08041,0.00423,0.9999,1,0.995,0.97635,0.25666,0.10323,0.00808,0.001076,0.001076,0.001076
16,344.759,0.15452,0.07477,0.00393,0.99991,1,0.995,0.97073,0.24479,0.09852,0.00751,0.00101,0.00101,0.00101
17,365.66,0.13776,0.06614,0.00351,0.99991,1,0.995,0.97196,0.25208,0.10015,0.00762,0.000944,0.000944,0.000944
18,385.622,0.12589,0.06185,0.00319,0.99991,1,0.995,0.97807,0.24109,0.09692,0.00742,0.000878,0.000878,0.000878
19,405.882,0.14005,0.0627,0.00355,0.9999,1,0.995,0.97456,0.23625,0.08718,0.0074,0.000812,0.000812,0.000812
20,426.337,0.10879,0.05377,0.00276,0.99991,1,0.995,0.97708,0.22909,0.09108,0.00727,0.000746,0.000746,0.000746
21,446.181,0.10243,0.05148,0.00258,0.9999,1,0.995,0.98011,0.22417,0.08512,0.00699,0.00068,0.00068,0.00068
22,466.988,0.10402,0.04997,0.00264,0.99991,1,0.995,0.98106,0.21803,0.08933,0.00679,0.000614,0.000614,0.000614
